{
    "model": "Linear SVC",
    "accuracy": 0.9647172547124214,
    "precision": 0.9540449976065103,
    "recall": 0.9755261869799314,
    "f1": 0.9646660212971926,
    "trained_at": "2026-04-07T09:39:41.875686"
}